anime_id,new_score
8,6.360830073173229
12,6.360830073173229
51,6.360830073173229
233,6.360830073173229
234,6.360830073173229
236,6.360830073173229
238,6.360830073173229
242,6.360830073173229
244,6.360830073173229
247,6.360830073173229
254,6.360830073173229
259,6.360830073173229
274,6.360830073173229
276,6.348196214437485
281,6.348196214437485
282,6.348196214437485
283,6.348196214437485
284,6.348196214437485
286,6.348196214437485
288,6.348196214437485
289,6.348196214437485
290,6.348196214437485
292,6.348196214437485
294,6.348196214437485
297,6.348196214437485
299,6.348196214437485
300,6.348196214437485
303,6.348196214437485
304,6.348196214437485
306,6.348196214437485
308,6.348196214437485
309,6.348196214437485
311,6.348196214437485
312,6.510821092980249
313,6.510821092980249
315,6.510821092980249
317,6.510821092980249
320,6.510821092980249
323,6.510821092980249
324,6.510821092980249
325,6.510821092980249
326,6.510821092980249
329,6.510821092980249
330,6.510821092980249
334,6.510821092980249
337,6.510821092980249
338,6.510821092980249
340,6.007528293132781
440,6.007528293132781
443,6.007528293132781
464,6.007528293132781
465,6.007528293132781
467,6.007528293132781
468,6.007528293132781
469,6.007528293132781
470,6.007528293132781
473,6.007528293132781
475,6.007528293132781
476,6.007528293132781
477,6.007528293132781
482,6.530223162968953
485,6.530223162968953
486,6.530223162968953
487,6.530223162968953
488,6.530223162968953
490,6.530223162968953
491,6.530223162968953
492,6.530223162968953
494,6.530223162968953
506,6.530223162968953
529,6.530223162968953
531,6.530223162968953
532,6.530223162968953
534,6.530223162968953
536,6.530223162968953
594,6.530223162968953
605,6.530223162968953
698,6.530223162968953
699,6.530223162968953
750,6.530223162968953
762,6.530223162968953
763,6.530223162968953
766,6.530223162968953
767,6.530223162968953
770,6.530223162968953
771,6.530223162968953
772,6.530223162968953
788,6.530223162968953
793,6.530223162968953
794,6.530223162968953
798,6.427373676002025
799,6.427373676002025
805,6.427373676002025
807,6.427373676002025
808,6.427373676002025
809,6.427373676002025
810,6.427373676002025
811,6.427373676002025
822,6.427373676002025
823,6.427373676002025
827,6.427373676002025
836,6.427373676002025
837,6.427373676002025
840,6.427373676002025
841,6.427373676002025
842,6.427373676002025
843,6.427373676002025
847,6.427373676002025
848,6.427373676002025
849,6.427373676002025
860,6.427373676002025
866,6.427373676002025
875,6.427373676002025
876,6.427373676002025
880,6.427373676002025
883,6.427373676002025
884,6.427373676002025
885,6.427373676002025
886,6.427373676002025
887,6.427373676002025
888,6.427373676002025
889,6.427373676002025
890,6.427373676002025
891,6.427373676002025
892,6.427373676002025
893,6.427373676002025
894,6.427373676002025
895,6.427373676002025
896,6.427373676002025
897,6.427373676002025
898,6.42351194024086
902,6.42351194024086
907,6.42351194024086
909,6.42351194024086
916,6.42351194024086
919,6.42351194024086
921,6.42351194024086
923,6.42351194024086
927,6.42351194024086
928,6.42351194024086
965,6.42351194024086
968,6.42351194024086
970,6.42351194024086
973,6.42351194024086
974,6.42351194024086
976,6.42351194024086
977,6.42351194024086
979,6.42351194024086
980,6.42351194024086
981,6.42351194024086
982,6.42351194024086
993,6.42351194024086
995,6.42351194024086
1009,6.42351194024086
1010,6.42351194024086
1014,6.42351194024086
1025,6.42351194024086
1026,6.42351194024086
1027,6.42351194024086
1028,6.42351194024086
1029,6.856646781308309
1030,6.856646781308309
1037,6.856646781308309
1038,6.856646781308309
1044,6.856646781308309
1077,6.856646781308309
1103,6.856646781308309
1109,6.856646781308309
1120,6.856646781308309
1131,6.856646781308309
1147,6.856646781308309
1182,6.856646781308309
1194,6.856646781308309
1219,6.856646781308309
1257,6.856646781308309
1260,6.856646781308309
1261,6.856646781308309
1262,6.856646781308309
1263,6.856646781308309
1264,6.856646781308309
1266,6.856646781308309
1267,6.856646781308309
1269,6.856646781308309
1270,6.856646781308309
1271,6.856646781308309
1272,6.856646781308309
1273,6.856646781308309
1274,6.856646781308309
1275,6.856646781308309
1306,6.856646781308309
1307,6.856646781308309
1308,6.856646781308309
1309,6.856646781308309
1314,6.856646781308309
1321,6.856646781308309
1326,6.47962252436013
1333,6.47962252436013
1373,6.47962252436013
1375,6.47962252436013
1377,6.47962252436013
1415,6.47962252436013
1418,6.47962252436013
1419,6.47962252436013
1420,6.47962252436013
1421,6.47962252436013
1423,6.47962252436013
1424,6.47962252436013
1426,6.47962252436013
1427,6.47962252436013
1428,6.47962252436013
1429,6.47962252436013
1434,6.47962252436013
1436,6.47962252436013
1442,6.47962252436013
1443,6.47962252436013
1444,6.47962252436013
1445,6.47962252436013
1450,6.47962252436013
1451,6.47962252436013
1452,6.47962252436013
1454,6.47962252436013
1455,6.47962252436013
1456,6.47962252436013
1461,6.47962252436013
1466,6.690698294890555
1467,6.690698294890555
1487,6.690698294890555
1505,6.690698294890555
1511,6.690698294890555
1512,6.690698294890555
1531,6.690698294890555
1593,6.690698294890555
1600,6.690698294890555
1605,6.690698294890555
1606,6.690698294890555
1609,6.690698294890555
1617,6.690698294890555
1625,6.690698294890555
1638,6.690698294890555
1650,6.690698294890555
1671,6.690698294890555
1688,6.690698294890555
1703,6.690698294890555
1707,6.690698294890555
1729,6.690698294890555
1730,6.690698294890555
1731,6.690698294890555
1739,6.690698294890555
1740,6.690698294890555
1742,6.690698294890555
1743,6.690698294890555
1748,6.690698294890555
1750,6.690698294890555
1752,6.690698294890555
1757,6.690698294890555
1758,6.690698294890555
1761,6.690698294890555
1763,6.690698294890555
1764,6.690698294890555
1772,6.690698294890555
1773,6.690698294890555
1774,6.690698294890555
1779,6.76534997441552
1780,6.76534997441552
1804,6.76534997441552
1805,6.76534997441552
1822,6.76534997441552
1838,6.76534997441552
1839,6.76534997441552
1841,6.76534997441552
1849,6.76534997441552
1850,6.76534997441552
1851,6.76534997441552
1852,6.76534997441552
1856,6.76534997441552
1860,6.76534997441552
1861,6.76534997441552
1878,6.76534997441552
1880,6.76534997441552
1890,6.76534997441552
1899,6.76534997441552
1906,6.76534997441552
1912,6.76534997441552
1920,6.76534997441552
1926,6.63848993807304
1930,6.63848993807304
1931,6.63848993807304
1935,6.63848993807304
1936,6.63848993807304
1939,6.63848993807304
1943,6.63848993807304
1947,6.63848993807304
1948,6.63848993807304
1949,6.63848993807304
1951,6.63848993807304
1952,6.63848993807304
1959,6.63848993807304
1961,6.63848993807304
1963,6.63848993807304
1964,6.63848993807304
1965,6.63848993807304
1966,6.63848993807304
1967,6.63848993807304
1969,6.63848993807304
1970,6.63848993807304
1971,6.63848993807304
1976,6.63848993807304
1977,6.63848993807304
1978,6.63848993807304
1980,6.63848993807304
1982,6.63848993807304
1983,6.63848993807304
1985,6.63848993807304
1986,6.63848993807304
1987,6.63848993807304
1989,6.63848993807304
1996,6.63848993807304
1997,6.63848993807304
2001,6.63848993807304
2010,6.63848993807304
2059,6.63848993807304
2060,6.63848993807304
2063,6.63848993807304
2076,6.63848993807304
2077,6.63848993807304
2078,6.3679428845644
2079,6.3679428845644
2082,6.3679428845644
2083,6.3679428845644
2087,6.3679428845644
2088,6.3679428845644
2089,6.3679428845644
2090,6.3679428845644
2091,6.3679428845644
2092,6.3679428845644
2093,6.3679428845644
2098,6.3679428845644
2103,6.3679428845644
2120,6.3679428845644
2121,6.3679428845644
2126,6.3679428845644
2127,6.3679428845644
2129,6.3679428845644
2141,6.3679428845644
2142,6.3679428845644
2158,6.3679428845644
2167,6.3679428845644
2168,6.3679428845644
2169,6.3679428845644
2170,6.3679428845644
2173,6.3679428845644
2174,6.3679428845644
2175,6.3679428845644
2216,6.3679428845644
2240,6.3679428845644
2257,6.3679428845644
2274,6.3679428845644
2281,6.3679428845644
2282,6.3679428845644
2286,6.3679428845644
2293,6.3679428845644
2300,6.3679428845644
2314,6.3679428845644
2319,6.3679428845644
2326,6.3679428845644
2329,6.3679428845644
2333,6.3679428845644
2354,6.3679428845644
2396,6.3679428845644
2408,6.3679428845644
2411,6.3679428845644
2412,6.3679428845644
2414,6.3679428845644
2415,6.084407813019222
2425,6.084407813019222
2427,6.084407813019222
2439,6.084407813019222
2440,6.084407813019222
2443,6.084407813019222
2448,6.084407813019222
2450,6.084407813019222
2451,6.084407813019222
2459,6.084407813019222
2460,6.084407813019222
2461,6.084407813019222
2463,6.084407813019222
2464,6.084407813019222
2469,6.084407813019222
2470,6.084407813019222
2471,6.084407813019222
2472,6.084407813019222
2474,6.084407813019222
2475,6.084407813019222
2476,6.084407813019222
2477,6.084407813019222
2478,6.084407813019222
2480,6.084407813019222
2482,6.084407813019222
2496,6.084407813019222
2531,6.084407813019222
2566,6.084407813019222
2567,6.084407813019222
2585,6.084407813019222
2586,6.084407813019222
2604,6.084407813019222
2605,6.084407813019222
2606,6.084407813019222
2608,6.084407813019222
2609,6.084407813019222
2610,6.084407813019222
2611,6.084407813019222
2617,6.084407813019222
2642,6.084407813019222
2643,6.084407813019222
2661,6.084407813019222
2680,6.084407813019222
2688,6.084407813019222
2696,6.084407813019222
2710,5.936971956491471
2725,5.936971956491471
2726,5.936971956491471
2729,5.936971956491471
2732,5.936971956491471
2733,5.936971956491471
2734,5.936971956491471
2735,5.936971956491471
2750,5.936971956491471
2768,5.936971956491471
2771,5.936971956491471
2776,5.936971956491471
2782,5.936971956491471
2783,5.936971956491471
2784,5.936971956491471
2785,5.936971956491471
2790,5.936971956491471
2810,5.936971956491471
2813,5.936971956491471
2829,5.936971956491471
2877,5.936971956491471
2881,5.936971956491471
2882,5.936971956491471
2885,5.936971956491471
2886,5.936971956491471
2887,5.936971956491471
2888,5.936971956491471
2889,5.936971956491471
2891,5.936971956491471
2892,5.936971956491471
2896,6.2581639585040865
2903,6.2581639585040865
2908,6.2581639585040865
2910,6.2581639585040865
2912,6.2581639585040865
2914,6.2581639585040865
2915,6.2581639585040865
2934,6.2581639585040865
2935,6.2581639585040865
2936,6.2581639585040865
2937,6.2581639585040865
2938,6.2581639585040865
2939,6.2581639585040865
2940,6.2581639585040865
2942,6.2581639585040865
2971,6.2581639585040865
2972,6.2581639585040865
2973,6.2581639585040865
2974,6.2581639585040865
2975,6.2581639585040865
2976,6.2581639585040865
2977,6.608488622733524
2978,6.608488622733524
2981,6.608488622733524
2982,6.608488622733524
3011,6.608488622733524
3012,6.608488622733524
3013,6.608488622733524
3018,6.608488622733524
3020,6.608488622733524
3021,6.608488622733524
3055,6.608488622733524
3090,6.608488622733524
3091,6.608488622733524
3102,6.608488622733524
3129,6.608488622733524
3130,6.608488622733524
3131,6.608488622733524
3132,6.608488622733524
3141,6.608488622733524
3149,6.608488622733524
3152,6.608488622733524
3156,6.608488622733524
3157,6.608488622733524
3164,6.608488622733524
3188,6.608488622733524
3241,6.608488622733524
3271,6.608488622733524
3283,6.608488622733524
3287,6.608488622733524
3291,6.608488622733524
3294,6.608488622733524
3302,6.608488622733524
3304,6.608488622733524
3305,6.608488622733524
3326,6.608488622733524
3327,6.4256823218387105
3375,6.4256823218387105
3395,6.4256823218387105
3400,6.4256823218387105
3407,6.4256823218387105
3413,6.4256823218387105
3416,6.4256823218387105
3420,6.4256823218387105
3422,6.4256823218387105
3425,6.4256823218387105
3426,6.4256823218387105
3428,6.4256823218387105
3429,6.4256823218387105
3444,6.4256823218387105
3446,6.4256823218387105
3449,6.4256823218387105
3471,6.4256823218387105
3473,6.4256823218387105
3477,6.4256823218387105
3478,6.4256823218387105
3479,6.4256823218387105
3482,6.4256823218387105
3489,6.4256823218387105
3515,6.614244563380877
3532,6.614244563380877
3603,6.614244563380877
3612,6.614244563380877
3619,6.614244563380877
3620,6.614244563380877
3622,6.614244563380877
3628,6.614244563380877
3637,6.614244563380877
3640,6.614244563380877
3641,6.614244563380877
3642,6.614244563380877
3652,6.614244563380877
3653,6.614244563380877
3690,6.614244563380877
3711,6.614244563380877
3743,6.614244563380877
3745,6.614244563380877
3754,6.614244563380877
3755,6.614244563380877
3758,6.614244563380877
3760,6.614244563380877
3768,6.614244563380877
3769,6.614244563380877
3773,6.614244563380877
3774,6.614244563380877
3795,6.614244563380877
3811,6.614244563380877
3815,6.614244563380877
3816,6.614244563380877
3825,6.614244563380877
3828,6.614244563380877
3841,6.614244563380877
3844,6.614244563380877
3846,6.614244563380877
3848,6.614244563380877
3891,6.115647106795083
3892,6.115647106795083
3893,6.115647106795083
3909,6.115647106795083
3916,6.115647106795083
3926,6.115647106795083
3955,6.115647106795083
3974,6.115647106795083
3994,6.115647106795083
4007,6.115647106795083
4010,6.115647106795083
4011,6.115647106795083
4014,6.115647106795083
4015,6.115647106795083
4016,6.115647106795083
4019,6.115647106795083
4020,6.115647106795083
4021,6.115647106795083
4028,6.115647106795083
4035,6.115647106795083
4039,6.115647106795083
4043,6.115647106795083
4047,6.115647106795083
4077,6.115647106795083
4079,6.115647106795083
4100,6.115647106795083
4101,6.115647106795083
4124,6.115647106795083
4140,6.115647106795083
4144,6.115647106795083
4163,6.115647106795083
4164,6.115647106795083
4185,6.115647106795083
4190,6.115647106795083
4193,6.115647106795083
4214,6.115647106795083
4215,6.115647106795083
4217,6.115647106795083
4221,6.115647106795083
4235,6.115647106795083
4237,6.115647106795083
4240,6.115647106795083
4243,6.9534435379738895
4252,6.9534435379738895
4255,6.9534435379738895
4256,6.9534435379738895
4281,6.9534435379738895
4282,6.9534435379738895
4283,6.9534435379738895
4284,6.9534435379738895
4285,6.9534435379738895
4286,6.9534435379738895
4290,6.9534435379738895
4291,6.9534435379738895
4292,6.9534435379738895
4293,6.9534435379738895
4294,6.9534435379738895
4312,6.9534435379738895
4313,6.9534435379738895
4315,6.9534435379738895
4328,6.9534435379738895
4330,6.9534435379738895
4370,6.9534435379738895
4371,6.9534435379738895
4374,6.9534435379738895
4383,6.9534435379738895
4384,6.9534435379738895
4471,6.9534435379738895
4530,6.9534435379738895
4541,6.9534435379738895
4542,6.9534435379738895
4543,6.9534435379738895
4558,6.9534435379738895
4562,6.9534435379738895
4588,6.9534435379738895
4631,6.9534435379738895
4634,6.9534435379738895
4635,6.9534435379738895
4686,6.9534435379738895
4803,6.9534435379738895
4840,6.9534435379738895
4841,6.9534435379738895
4871,6.9534435379738895
4873,6.9534435379738895
4882,6.9534435379738895
4887,6.9534435379738895
5230,6.9534435379738895
5232,6.9534435379738895
5332,6.9534435379738895
5365,6.9534435379738895
5436,6.9534435379738895
5474,6.9534435379738895
5475,6.9534435379738895
5490,6.433872448701363
5640,6.433872448701363
5647,6.433872448701363
5648,6.433872448701363
5649,6.433872448701363
5650,6.433872448701363
5651,6.433872448701363
5652,6.433872448701363
5653,6.433872448701363
5654,6.433872448701363
5655,6.433872448701363
5656,6.433872448701363
5658,6.433872448701363
5694,6.433872448701363
5779,6.433872448701363
5881,6.433872448701363
5910,6.433872448701363
5964,6.433872448701363
5976,6.433872448701363
5977,6.433872448701363
6375,6.433872448701363
6389,6.433872448701363
6390,6.433872448701363
6414,6.433872448701363
6473,6.433872448701363
6592,6.433872448701363
6609,6.433872448701363
6756,6.433872448701363
6811,6.433872448701363
6819,6.433872448701363
6848,6.433872448701363
6849,6.433872448701363
6858,6.433872448701363
6933,6.433872448701363
6937,6.433872448701363
6995,6.433872448701363
6997,6.433872448701363
7014,6.433872448701363
7026,6.433872448701363
7029,6.433872448701363
7104,6.433872448701363
7106,6.433872448701363
7145,6.433872448701363
7150,6.433872448701363
7157,6.433872448701363
7160,6.433872448701363
7217,6.433872448701363
7218,6.433872448701363
7244,6.433872448701363
7298,6.433872448701363
7348,6.433872448701363
7350,6.433872448701363
7352,6.433872448701363
7354,6.433872448701363
7356,6.433872448701363
7360,6.433872448701363
7366,6.433872448701363
7370,6.433872448701363
7397,6.433872448701363
7597,6.433872448701363
7617,6.433872448701363
7618,6.433872448701363
7619,6.433872448701363
7620,6.433872448701363
7621,6.433872448701363
7806,6.433872448701363
7842,6.433872448701363
7843,6.433872448701363
7844,6.433872448701363
7852,6.433872448701363
7860,6.433872448701363
7880,6.433872448701363
7882,6.433872448701363
7883,6.433872448701363
7931,6.433872448701363
7933,6.433872448701363
7941,6.433872448701363
7962,6.599017285487869
7991,6.599017285487869
7993,6.599017285487869
7995,6.599017285487869
8008,6.599017285487869
8019,6.599017285487869
8081,6.599017285487869
8083,6.599017285487869
8105,6.599017285487869
8218,6.599017285487869
8219,6.599017285487869
8227,6.599017285487869
8233,6.599017285487869
8293,6.599017285487869
8294,6.599017285487869
8295,6.599017285487869
8297,6.599017285487869
8390,6.599017285487869
8400,6.599017285487869
8401,6.599017285487869
8402,6.599017285487869
8413,6.599017285487869
8415,6.599017285487869
8452,6.599017285487869
8474,6.599017285487869
8539,6.599017285487869
8543,6.599017285487869
8544,6.599017285487869
8546,6.599017285487869
8560,6.599017285487869
8621,6.599017285487869
8700,6.599017285487869
8748,6.599017285487869
8758,6.599017285487869
8987,6.599017285487869
8989,6.599017285487869
8990,6.599017285487869
8991,6.599017285487869
8992,6.599017285487869
8997,6.599017285487869
8998,6.599017285487869
9348,6.599017285487869
9349,6.599017285487869
9397,6.599017285487869
9425,6.94321074148883
9426,6.94321074148883
9470,6.94321074148883
9472,6.94321074148883
9564,6.94321074148883
9571,6.94321074148883
9605,6.94321074148883
9617,6.94321074148883
9618,6.94321074148883
9655,6.94321074148883
9716,6.94321074148883
9717,6.94321074148883
9726,6.94321074148883
9731,6.94321074148883
9732,6.94321074148883
9757,6.94321074148883
9774,6.94321074148883
9779,6.94321074148883
9781,6.94321074148883
9783,6.94321074148883
9800,6.94321074148883
9801,6.94321074148883
9850,6.94321074148883
9853,6.94321074148883
9871,6.94321074148883
9912,6.94321074148883
9966,6.94321074148883
10040,6.94321074148883
10071,6.94321074148883
10074,6.94321074148883
10076,6.94321074148883
10099,6.94321074148883
10145,6.94321074148883
10158,6.94321074148883
10160,6.94321074148883
10180,6.94321074148883
10213,6.94321074148883
10225,6.94321074148883
10226,6.94321074148883
10227,6.94321074148883
10238,6.94321074148883
10243,6.94321074148883
10246,6.94321074148883
10261,6.94321074148883
10275,6.94321074148883
10276,6.94321074148883
10278,6.94321074148883
10283,6.94321074148883
10285,6.94321074148883
10306,6.94321074148883
10308,6.94321074148883
10338,6.94321074148883
10339,6.94321074148883
10353,6.94321074148883
10376,6.94321074148883
10377,6.94321074148883
10380,6.94321074148883
10381,6.94321074148883
10382,6.94321074148883
10384,6.94321074148883
10385,6.94321074148883
10401,6.94321074148883
10406,6.94321074148883
10414,6.94321074148883
10416,6.94321074148883
10418,6.94321074148883
10419,6.94321074148883
10420,6.94321074148883
10421,6.94321074148883
10435,6.94321074148883
10436,6.94321074148883
10437,6.94321074148883
10440,6.94321074148883
10456,6.94321074148883
10459,6.94321074148883
10460,6.94321074148883
10462,6.94321074148883
10506,6.94321074148883
10507,6.94321074148883
10508,6.94321074148883
10509,6.94321074148883
10553,6.94321074148883
10555,6.94321074148883
10558,6.94321074148883
10565,6.94321074148883
10566,6.94321074148883
10582,6.94321074148883
10595,6.94321074148883
10600,6.94321074148883
10601,6.94321074148883
10609,6.94321074148883
10610,6.94321074148883
10639,6.522124462988643
10704,6.522124462988643
10739,6.522124462988643
10741,6.522124462988643
10742,6.522124462988643
10760,6.522124462988643
10761,6.522124462988643
10842,6.522124462988643
10843,6.522124462988643
10844,6.522124462988643
10854,6.522124462988643
10942,6.522124462988643
10995,6.522124462988643
11058,6.522124462988643
11114,6.522124462988643
11145,6.522124462988643
11180,6.522124462988643
11208,6.522124462988643
11209,6.522124462988643
11210,6.522124462988643
11577,6.522124462988643
11629,6.522124462988643
11645,6.522124462988643
11714,6.522124462988643
11726,6.522124462988643
11727,6.522124462988643
11728,6.522124462988643
11779,6.522124462988643
11834,6.522124462988643
11836,6.522124462988643
11876,6.522124462988643
11973,6.522124462988643
12081,6.522124462988643
12192,6.522124462988643
12317,6.522124462988643
12332,6.522124462988643
12333,6.522124462988643
12351,6.522124462988643
12433,6.522124462988643
12436,6.522124462988643
12536,6.522124462988643
12544,6.522124462988643
12557,6.522124462988643
12620,6.522124462988643
12703,6.522124462988643
12722,6.522124462988643
12784,6.522124462988643
12786,6.522124462988643
12970,6.522124462988643
13014,6.522124462988643
13015,6.522124462988643
13143,6.522124462988643
13312,6.522124462988643
13430,6.522124462988643
13448,6.522124462988643
13485,6.522124462988643
13551,6.522124462988643
13555,6.522124462988643
13557,6.522124462988643
14041,6.522124462988643
14106,6.522124462988643
14220,6.522124462988643
14389,6.522124462988643
14427,6.522124462988643
14538,6.522124462988643
14588,6.522124462988643
14643,6.522124462988643
14646,6.522124462988643
14650,6.522124462988643
14653,6.522124462988643
14667,6.522124462988643
14729,6.522124462988643
14731,7.216637614369392
14733,7.216637614369392
14766,7.216637614369392
14876,7.216637614369392
14877,7.216637614369392
14878,7.216637614369392
14996,7.216637614369392
15007,7.216637614369392
15177,7.216637614369392
15237,7.216637614369392
15353,7.216637614369392
15489,7.216637614369392
15910,7.216637614369392
15946,7.216637614369392
15957,7.216637614369392
15958,7.216637614369392
16190,7.216637614369392
16235,7.216637614369392
16340,7.216637614369392
16436,7.216637614369392
16594,7.216637614369392
16981,7.216637614369392
16996,7.216637614369392
17119,7.216637614369392
17777,7.216637614369392
17883,7.216637614369392
18004,7.216637614369392
18049,7.216637614369392
18082,7.216637614369392
18083,7.216637614369392
18294,7.216637614369392
18457,7.216637614369392
18458,7.216637614369392
18502,7.216637614369392
18506,7.216637614369392
18507,7.216637614369392
18513,7.216637614369392
18578,7.216637614369392
18605,7.216637614369392
18606,7.216637614369392
18624,7.216637614369392
18629,7.216637614369392
18631,7.216637614369392
18635,7.216637614369392
18636,7.216637614369392
18692,7.216637614369392
18709,7.216637614369392
18780,7.216637614369392
18797,7.216637614369392
19039,7.216637614369392
19130,7.216637614369392
19134,7.216637614369392
19136,7.216637614369392
19390,7.216637614369392
19418,7.216637614369392
19538,7.216637614369392
19540,7.216637614369392
19591,7.216637614369392
19594,7.216637614369392
19615,7.216637614369392
19704,7.216637614369392
19707,7.216637614369392
19708,7.216637614369392
20002,7.216637614369392
20026,7.216637614369392
20113,7.216637614369392
20114,7.216637614369392
20431,7.216637614369392
20529,7.216637614369392
20547,7.216637614369392
20582,7.216637614369392
20729,7.216637614369392
20799,7.216637614369392
20813,7.216637614369392
20851,7.216637614369392
20865,7.216637614369392
20996,7.216637614369392
21032,7.216637614369392
21035,7.216637614369392
21099,7.216637614369392
21231,7.216637614369392
21580,7.216637614369392
21713,7.216637614369392
21900,7.216637614369392
21929,7.216637614369392
22049,7.216637614369392
22050,7.216637614369392
22179,7.216637614369392
22287,7.216637614369392
22405,7.216637614369392
22406,7.216637614369392
22505,7.216637614369392
22507,7.216637614369392
22562,7.216637614369392
22588,7.216637614369392
22599,7.216637614369392
22657,7.216637614369392
22679,7.216637614369392
22756,7.216637614369392
22759,7.216637614369392
22849,7.216637614369392
22988,7.216637614369392
23056,7.216637614369392
23160,7.216637614369392
23161,7.216637614369392
23322,7.216637614369392
23386,7.216637614369392
23443,7.216637614369392
23495,7.216637614369392
23535,7.216637614369392
23536,7.216637614369392
23537,7.216637614369392
23542,7.216637614369392
23681,7.216637614369392
23683,7.216637614369392
23684,7.216637614369392
23685,7.216637614369392
23686,7.216637614369392
24056,7.216637614369392
24062,7.216637614369392
24165,7.216637614369392
24302,7.216637614369392
24329,7.216637614369392
24356,7.216637614369392
24508,7.216637614369392
24543,7.216637614369392
24592,7.216637614369392
24649,7.216637614369392
24738,7.216637614369392
24790,7.216637614369392
24815,7.216637614369392
25226,7.216637614369392
25341,7.216637614369392
25369,7.216637614369392
25444,7.216637614369392
25577,7.216637614369392
25608,7.216637614369392
25823,7.216637614369392
25834,7.216637614369392
26229,7.216637614369392
26295,7.216637614369392
26391,7.216637614369392
26449,7.216637614369392
26804,7.216637614369392
26825,7.216637614369392
26987,7.216637614369392
27236,7.216637614369392
27317,7.216637614369392
27332,7.216637614369392
27334,7.216637614369392
27364,7.216637614369392
27555,7.216637614369392
27566,7.216637614369392
27567,7.216637614369392
27568,7.216637614369392
27883,7.216637614369392
27886,7.216637614369392
27993,7.216637614369392
28205,7.216637614369392
28225,7.216637614369392
28230,7.216637614369392
28359,7.216637614369392
28431,7.216637614369392
28440,7.216637614369392
28496,7.216637614369392
28533,7.216637614369392
28687,7.216637614369392
28697,7.216637614369392
28900,7.216637614369392
29060,7.216637614369392
29072,7.216637614369392
29073,7.216637614369392
29074,7.216637614369392
29075,7.216637614369392
29120,7.216637614369392
29139,7.216637614369392
29259,7.216637614369392
29307,7.216637614369392
29323,7.216637614369392
29421,7.216637614369392
29426,7.216637614369392
29648,7.216637614369392
29650,7.216637614369392
29868,7.216637614369392
29883,7.216637614369392
30182,7.216637614369392
30483,7.216637614369392
30503,7.216637614369392
30515,7.216637614369392
30526,7.216637614369392
31034,7.216637614369392
31258,7.216637614369392
31374,7.216637614369392
31413,7.216637614369392
31414,7.216637614369392
31416,7.216637614369392
31417,7.216637614369392
31533,7.216637614369392
32318,7.216637614369392
32816,6.866010324544804
33255,6.866010324544804
33352,6.866010324544804
33354,6.866010324544804
33355,6.866010324544804
33446,6.866010324544804
33702,6.866010324544804
34028,6.866010324544804
34515,6.866010324544804
34605,6.866010324544804
35715,6.866010324544804
35848,6.866010324544804
35867,6.866010324544804
35977,6.866010324544804
35983,6.866010324544804
35989,6.866010324544804
35990,6.866010324544804
36004,6.866010324544804
36264,6.866010324544804
36271,6.866010324544804
36355,6.866010324544804
36379,6.866010324544804
36484,6.866010324544804
37137,6.866010324544804
37138,6.866010324544804
37154,6.866010324544804
37344,6.866010324544804
37449,6.866010324544804
37487,6.866010324544804
37562,6.866010324544804
37619,6.866010324544804
37672,6.866010324544804
37673,6.866010324544804
37685,6.866010324544804
37694,6.866010324544804
37722,6.866010324544804
37785,6.866010324544804
37819,6.866010324544804
37873,6.866010324544804
37874,6.866010324544804
37897,6.866010324544804
37898,6.866010324544804
37946,6.866010324544804
38040,6.866010324544804
38069,6.866010324544804
38071,6.866010324544804
38216,6.866010324544804
38429,6.866010324544804
38758,6.866010324544804
38951,6.866010324544804
38954,6.866010324544804
38965,6.866010324544804
39496,6.866010324544804
39761,6.866010324544804
39794,6.866010324544804
39808,6.866010324544804
40081,6.866010324544804
40257,6.866010324544804
40310,6.866010324544804
40339,6.866010324544804
40380,6.866010324544804
40388,6.866010324544804
40533,6.866010324544804
40651,6.866010324544804
40756,6.866010324544804
41028,6.866010324544804
41029,6.866010324544804
41245,6.866010324544804
41488,6.866010324544804
41529,6.866010324544804
41568,6.866010324544804
41658,6.866010324544804
41705,6.866010324544804
42339,6.866010324544804
42690,6.866010324544804
42691,6.866010324544804
42707,6.866010324544804
42741,6.866010324544804
42786,6.866010324544804
42789,6.866010324544804
42869,6.866010324544804
43118,6.866010324544804
43197,6.866010324544804
43525,6.866010324544804
43557,6.866010324544804
43558,6.866010324544804
43574,6.866010324544804
43951,6.866010324544804
44679,6.866010324544804
44692,6.866010324544804
44693,6.866010324544804
45213,6.866010324544804
45842,6.866010324544804
46011,6.588778820706577
46013,6.588778820706577
46036,6.588778820706577
46213,6.588778820706577
46307,6.588778820706577
46312,6.588778820706577
46451,6.588778820706577
46452,6.588778820706577
46458,6.588778820706577
46728,6.588778820706577
46826,6.588778820706577
46828,6.588778820706577
46829,6.588778820706577
46832,6.588778820706577
46834,6.588778820706577
46940,6.588778820706577
47170,6.588778820706577
47464,6.588778820706577
47539,6.588778820706577
47576,6.588778820706577
47644,6.588778820706577
47685,6.588778820706577
47764,6.588778820706577
47889,6.588778820706577
47957,6.588778820706577
48031,6.588778820706577
48034,6.588778820706577
48037,6.588778820706577
48055,6.588778820706577
48065,6.588778820706577
48289,6.588778820706577
48669,6.588778820706577
48670,6.588778820706577
48700,6.588778820706577
48880,6.588778820706577
48882,6.588778820706577
49050,6.588778820706577
49087,6.588778820706577
49119,6.588778820706577
49131,6.588778820706577
49278,6.588778820706577
49294,6.588778820706577
49313,6.588778820706577
49426,6.588778820706577
49559,6.588778820706577
49598,6.588778820706577
49693,6.588778820706577
50535,6.588778820706577
50665,6.588778820706577
50811,6.588778820706577
50814,6.588778820706577
51621,6.588778820706577
51928,6.588778820706577
51935,6.588778820706577
51943,6.588778820706577
52170,6.588778820706577
52484,6.588778820706577
52485,6.588778820706577
52606,6.588778820706577
52764,6.588778820706577
53889,6.588778820706577
53890,6.588778820706577
53951,6.588778820706577
53984,6.588778820706577
54173,6.588778820706577
54277,6.588778820706577
54433,6.588778820706577
54435,6.588778820706577
54438,6.588778820706577
54551,6.588778820706577
54552,6.588778820706577
54602,6.588778820706577
54614,6.588778820706577
54615,6.588778820706577
54675,6.588778820706577
54705,6.588778820706577
54727,6.588778820706577
54728,6.588778820706577
54942,6.588778820706577
55015,6.588778820706577
55032,6.588778820706577
55100,6.588778820706577
55110,6.444856352499215
55113,6.444856352499215
55467,6.444856352499215
55703,6.444856352499215
55770,6.444856352499215
56091,6.444856352499215
56093,6.444856352499215
56094,6.444856352499215
56108,6.444856352499215
56112,6.444856352499215
56116,6.444856352499215
56117,6.444856352499215
56118,6.444856352499215
56159,6.444856352499215
56626,6.444856352499215
56846,6.444856352499215
56847,6.444856352499215
56951,6.444856352499215
57150,6.444856352499215
57978,6.444856352499215
58015,6.444856352499215
58245,6.444856352499215
58345,6.444856352499215
58709,6.444856352499215
58850,6.444856352499215
58864,6.444856352499215
58865,6.444856352499215
58949,6.444856352499215
59035,6.444856352499215
59117,6.444856352499215
59583,6.444856352499215
59632,6.444856352499215
59664,6.444856352499215
59825,6.444856352499215
60011,6.444856352499215
60490,6.444856352499215
60901,6.444856352499215
61001,6.444856352499215
61118,6.444856352499215
61141,6.444856352499215
61429,6.444856352499215
61534,6.444856352499215
61962,6.444856352499215
62281,6.444856352499215
62285,6.444856352499215
62893,6.444856352499215
62940,6.444856352499215
62946,6.444856352499215
62948,6.444856352499215
63927,6.444856352499215
64140,6.444856352499215
64172,6.444856352499215
64993,6.444856352499215
66262,6.444856352499215
66410,6.444856352499215
66411,6.444856352499215
66491,6.444856352499215
66655,6.444856352499215
66693,6.444856352499215
67227,6.444856352499215
67373,6.444856352499215
67376,6.444856352499215
67451,6.444856352499215
67452,6.444856352499215
67734,6.444856352499215
67826,6.444856352499215
67990,6.444856352499215
68022,6.444856352499215
68031,6.444856352499215
68035,6.444856352499215
68269,6.444856352499215
68591,6.444856352499215
68730,6.444856352499215
68756,6.444856352499215
68757,6.444856352499215
68807,6.444856352499215
68812,6.444856352499215
68935,6.444856352499215
69103,6.444856352499215
69165,6.444856352499215
69214,6.444856352499215
69253,6.444856352499215
69484,6.444856352499215
69494,6.444856352499215
69496,6.444856352499215
69942,6.444856352499215
69943,6.444856352499215
69944,6.444856352499215
70131,6.444856352499215
70960,6.444856352499215
71802,6.444856352499215
71955,6.444856352499215
72109,6.444856352499215
72266,6.444856352499215
72651,6.444856352499215
72767,6.444856352499215
72940,6.444856352499215
72941,6.444856352499215
72942,6.444856352499215
72946,6.444856352499215
73083,6.444856352499215
73440,6.960678139328957
73825,6.960678139328957
73828,6.960678139328957
74460,6.960678139328957
74628,6.960678139328957
74640,6.960678139328957
74663,6.960678139328957
74755,6.960678139328957
75521,6.960678139328957
75533,6.960678139328957
75702,6.960678139328957
75899,6.960678139328957
75989,6.960678139328957
76194,6.960678139328957
76210,6.960678139328957
76325,6.960678139328957
77016,6.960678139328957
77048,6.960678139328957
77170,6.960678139328957
77171,6.960678139328957
77188,6.960678139328957
77473,6.960678139328957
77476,6.960678139328957
77479,6.960678139328957
77480,6.960678139328957
77551,6.960678139328957
77570,6.960678139328957
77625,6.960678139328957
77646,6.960678139328957
77706,6.960678139328957
78282,6.960678139328957
78319,6.960678139328957
78398,6.960678139328957
78404,6.960678139328957
78405,6.960678139328957
78406,6.960678139328957
78408,6.960678139328957
78474,6.960678139328957
78542,6.960678139328957
78798,6.960678139328957
78799,6.960678139328957
78919,6.960678139328957
79114,6.960678139328957
79225,6.960678139328957
79226,6.960678139328957
79227,6.960678139328957
79228,6.960678139328957
79229,6.960678139328957
79350,6.960678139328957
79467,6.960678139328957
79701,6.960678139328957
79802,6.960678139328957
80442,6.960678139328957
80548,6.960678139328957
80778,6.960678139328957
80787,6.960678139328957
80837,6.960678139328957
80838,6.960678139328957
80864,6.960678139328957
80918,6.960678139328957
81186,6.960678139328957
81372,6.960678139328957
81847,6.960678139328957
82079,6.960678139328957
82193,6.960678139328957
82322,6.960678139328957
82572,6.960678139328957
82777,6.960678139328957
83079,6.960678139328957
83124,6.960678139328957
83402,6.960678139328957
83868,6.960678139328957
83869,6.960678139328957
84081,6.960678139328957
84171,6.960678139328957
84386,6.960678139328957
84493,6.960678139328957
84547,6.960678139328957
84801,6.960678139328957
84866,6.960678139328957
84872,6.960678139328957
84873,6.960678139328957
84988,6.960678139328957
84989,6.960678139328957
84991,6.960678139328957
84993,6.960678139328957
84994,6.960678139328957
84995,6.960678139328957
84996,6.960678139328957
84997,6.960678139328957
84998,6.960678139328957
85005,6.960678139328957
85204,6.960678139328957
85303,6.960678139328957
85338,6.960678139328957
85557,6.960678139328957
85631,6.960678139328957
85915,6.960678139328957
86072,6.960678139328957
86517,6.960678139328957
86670,6.960678139328957
86721,6.960678139328957
86804,6.960678139328957
86895,6.960678139328957
87113,6.960678139328957
87593,6.960678139328957
87625,6.960678139328957
87717,6.960678139328957
87718,6.960678139328957
88039,6.960678139328957
88041,6.960678139328957
88287,6.960678139328957
88348,6.960678139328957
88433,6.960678139328957
88441,6.960678139328957
88473,6.960678139328957
88493,6.960678139328957
88676,6.960678139328957
88741,6.960678139328957
89211,6.960678139328957
89216,6.960678139328957
89279,6.960678139328957
89485,6.960678139328957
89488,6.960678139328957
89511,6.960678139328957
89751,6.960678139328957
89942,6.960678139328957
90005,6.960678139328957
90222,6.960678139328957
90388,6.960678139328957
90390,6.960678139328957
90391,6.960678139328957
90512,6.960678139328957
90772,6.960678139328957
90789,6.960678139328957
90792,6.960678139328957
90795,6.960678139328957
90799,6.960678139328957
90815,6.960678139328957
90880,6.960678139328957
91135,6.960678139328957
91205,6.960678139328957
91222,6.960678139328957
91322,6.960678139328957
91420,6.960678139328957
91517,6.960678139328957
91626,6.960678139328957
91640,6.960678139328957
91946,6.960678139328957
91985,6.960678139328957
91986,6.960678139328957
91987,6.960678139328957
92161,6.960678139328957
92382,6.960678139328957
92415,6.960678139328957
92429,6.960678139328957
92430,6.960678139328957
92432,6.960678139328957
92705,6.960678139328957
92836,6.960678139328957
93424,6.960678139328957
93509,6.960678139328957
93545,6.960678139328957
93714,6.960678139328957
93739,6.960678139328957
93865,6.960678139328957
94040,6.960678139328957
94236,6.960678139328957
94244,6.960678139328957
95010,6.960678139328957
95095,6.960678139328957
95225,6.960678139328957
95618,6.960678139328957
95679,6.960678139328957
95800,6.960678139328957
95824,6.960678139328957
95825,6.960678139328957
96113,6.960678139328957
96130,6.960678139328957
96775,6.960678139328957
96787,6.960678139328957
96861,6.960678139328957
96918,6.960678139328957
96977,6.960678139328957
97045,6.960678139328957
97477,6.960678139328957
97927,6.960678139328957
98217,6.960678139328957
98286,6.960678139328957
98638,6.960678139328957
99116,6.960678139328957
99505,6.960678139328957
99538,6.960678139328957
99740,6.960678139328957
99748,6.960678139328957
99806,6.960678139328957
99859,6.960678139328957
99889,6.960678139328957
99906,6.960678139328957
99941,6.960678139328957
99962,6.639218309250745
100040,6.639218309250745
100205,6.639218309250745
100227,6.639218309250745
100403,6.639218309250745
100405,6.639218309250745
100443,6.639218309250745
100444,6.639218309250745
100449,6.639218309250745
100498,6.639218309250745
100501,6.639218309250745
100517,6.639218309250745
100526,6.639218309250745
100557,6.639218309250745
100763,6.639218309250745
100858,6.639218309250745
100986,6.639218309250745
101195,6.639218309250745
101322,6.639218309250745
101399,6.639218309250745
101442,6.639218309250745
101518,6.639218309250745
101784,6.639218309250745
101820,6.639218309250745
102134,6.639218309250745
102140,6.639218309250745
102694,6.639218309250745
103023,6.639218309250745
103127,6.639218309250745
103304,6.639218309250745
103671,6.639218309250745
103810,6.639218309250745
103813,6.639218309250745
103906,6.639218309250745
104138,6.639218309250745
104219,6.639218309250745
104468,6.639218309250745
104569,6.639218309250745
104878,6.639218309250745
104906,6.639218309250745
104949,6.639218309250745
105075,6.639218309250745
105155,6.639218309250745
105214,6.639218309250745
105255,6.639218309250745
105426,6.639218309250745
105875,6.639218309250745
105969,6.639218309250745
106059,6.639218309250745
106207,6.639218309250745
106212,6.639218309250745
106292,6.639218309250745
106314,6.639218309250745
106693,6.639218309250745
106818,6.639218309250745
106834,6.639218309250745
106879,6.639218309250745
106981,6.639218309250745
107186,6.639218309250745
107474,6.639218309250745
107671,6.639218309250745
107835,6.639218309250745
107928,6.639218309250745
107957,6.639218309250745
108093,6.639218309250745
108377,6.639218309250745
108757,6.639218309250745
109203,6.639218309250745
109328,6.639218309250745
109356,6.639218309250745
109375,6.639218309250745
109386,6.639218309250745
109541,6.639218309250745
109724,6.639218309250745
109948,6.639218309250745
109956,6.639218309250745
110048,6.639218309250745
110467,6.639218309250745
110526,6.639218309250745
110568,6.639218309250745
110600,6.639218309250745
110648,6.639218309250745
110867,6.639218309250745
110961,6.639218309250745
111762,6.639218309250745
112146,6.639218309250745
112151,6.639218309250745
112305,6.639218309250745
112838,6.639218309250745
112905,6.639218309250745
113134,6.639218309250745
113292,6.639218309250745
113629,6.639218309250745
113631,6.639218309250745
113906,6.639218309250745
114394,6.639218309250745
114488,6.639218309250745
114685,6.639218309250745
114745,6.639218309250745
114758,6.639218309250745
114967,6.639218309250745
114968,6.639218309250745
115008,6.639218309250745
115292,6.639218309250745
115339,6.639218309250745
115661,6.639218309250745
115780,6.639218309250745
115908,6.639218309250745
115917,6.639218309250745
115932,6.639218309250745
116034,6.639218309250745
116050,6.639218309250745
116287,6.639218309250745
116370,6.639218309250745
116461,6.639218309250745
116651,6.639218309250745
116742,6.639218309250745
116871,6.639218309250745
117029,6.639218309250745
117153,6.639218309250745
117282,6.639218309250745
117556,6.639218309250745
117558,6.639218309250745
117601,6.639218309250745
117731,6.639218309250745
117777,6.639218309250745
118067,6.639218309250745
118335,6.639218309250745
118781,6.639218309250745
118782,6.639218309250745
118783,6.639218309250745
118785,6.639218309250745
118906,6.778019372023732
118908,6.778019372023732
119187,6.778019372023732
119279,6.778019372023732
119394,6.778019372023732
119677,6.778019372023732
119687,6.778019372023732
119795,6.778019372023732
119886,6.778019372023732
119889,6.778019372023732
120042,6.778019372023732
120070,6.778019372023732
120186,6.778019372023732
120187,6.778019372023732
120224,6.778019372023732
120236,6.778019372023732
120445,6.778019372023732
120700,6.778019372023732
120701,6.778019372023732
120703,6.778019372023732
120705,6.778019372023732
120763,6.778019372023732
120791,6.778019372023732
120925,6.778019372023732
121003,6.778019372023732
121108,6.778019372023732
121187,6.778019372023732
121377,6.778019372023732
122606,6.778019372023732
122767,6.778019372023732
122772,6.778019372023732
122864,6.778019372023732
123178,6.778019372023732
123539,6.778019372023732
123568,6.778019372023732
124185,6.778019372023732
124341,6.778019372023732
124615,6.778019372023732
124778,6.778019372023732
125049,6.778019372023732
125624,6.778019372023732
125807,6.778019372023732
125896,6.778019372023732
125900,6.778019372023732
126024,6.778019372023732
126034,6.778019372023732
126173,6.778019372023732
126177,6.778019372023732
126461,6.778019372023732
126779,6.778019372023732
127294,6.778019372023732
127563,6.778019372023732
127573,6.778019372023732
127724,6.778019372023732
127817,6.778019372023732
127979,6.778019372023732
128635,6.778019372023732
128885,6.778019372023732
129007,6.778019372023732
129087,6.778019372023732
129091,6.778019372023732
129105,6.778019372023732
129384,6.778019372023732
129805,6.778019372023732
129807,6.778019372023732
129844,6.778019372023732
129988,6.778019372023732
130093,6.778019372023732
130230,6.778019372023732
130231,6.778019372023732
130234,6.778019372023732
130250,6.778019372023732
130452,6.778019372023732
131090,6.778019372023732
131427,6.778019372023732
131717,6.778019372023732
131800,6.778019372023732
131803,6.778019372023732
131891,6.778019372023732
131901,6.778019372023732
132212,6.778019372023732
132220,6.778019372023732
132725,6.778019372023732
132734,6.778019372023732
132754,6.778019372023732
132829,6.778019372023732
132981,6.778019372023732
133192,6.778019372023732
133387,6.778019372023732
133403,6.778019372023732
133962,6.778019372023732
134038,6.778019372023732
134204,6.778019372023732
134390,6.778019372023732
135195,6.778019372023732
135202,6.778019372023732
135275,6.778019372023732
135816,6.778019372023732
136213,6.778019372023732
136311,6.778019372023732
136336,6.778019372023732
136371,6.778019372023732
136764,6.778019372023732
137580,6.778019372023732
137722,6.778019372023732
138053,6.778019372023732
138205,6.778019372023732
138210,6.778019372023732
138440,6.778019372023732
138754,6.778019372023732
138829,6.778019372023732
138834,6.778019372023732
138960,6.778019372023732
139022,6.778019372023732
139137,6.778019372023732
139221,6.778019372023732
139317,6.778019372023732
139318,6.778019372023732
139324,6.778019372023732
139408,6.778019372023732
139670,6.778019372023732
139800,6.778019372023732
139830,6.778019372023732
139950,6.778019372023732
139964,6.778019372023732
140001,6.778019372023732
141078,6.778019372023732
141225,6.778019372023732
141616,6.778019372023732
141781,6.778019372023732
141799,6.778019372023732
141806,6.778019372023732
142678,6.778019372023732
142758,6.778019372023732
142812,6.778019372023732
142990,6.778019372023732
143099,6.778019372023732
143205,6.778019372023732
143558,6.778019372023732
143694,6.778019372023732
143740,6.778019372023732
143751,6.778019372023732
143753,6.778019372023732
144043,6.778019372023732
144357,6.778019372023732
144414,6.778019372023732
144650,6.778019372023732
144665,6.778019372023732
144843,6.778019372023732
145129,6.778019372023732
145354,6.778019372023732
145355,6.778019372023732
145407,6.778019372023732
145457,6.778019372023732
145667,6.778019372023732
145734,6.778019372023732
145735,6.778019372023732
145775,6.778019372023732
145781,6.778019372023732
145908,6.778019372023732
145912,6.778019372023732
145946,6.778019372023732
146028,6.778019372023732
146093,6.778019372023732
146162,6.778019372023732
146172,6.778019372023732
146408,6.609587081438965
146503,6.609587081438965
146611,6.609587081438965
146732,6.609587081438965
146737,6.609587081438965
146861,6.609587081438965
146994,6.609587081438965
147036,6.609587081438965
147067,6.609587081438965
147068,6.609587081438965
147085,6.609587081438965
147438,6.609587081438965
147466,6.609587081438965
147568,6.609587081438965
147613,6.609587081438965
147683,6.609587081438965
147780,6.609587081438965
148072,6.609587081438965
148097,6.609587081438965
148099,6.609587081438965
148142,6.609587081438965
148181,6.609587081438965
148233,6.609587081438965
148241,6.609587081438965
148281,6.609587081438965
148361,6.609587081438965
148416,6.609587081438965
148436,6.609587081438965
148481,6.609587081438965
148726,6.609587081438965
149959,6.609587081438965
149993,6.609587081438965
150246,6.609587081438965
150490,6.609587081438965
150746,6.609587081438965
150775,6.609587081438965
150955,6.609587081438965
151974,6.609587081438965
152091,6.609587081438965
152567,6.609587081438965
153140,6.609587081438965
153193,6.609587081438965
153214,6.609587081438965
154112,6.609587081438965
154689,6.609587081438965
154771,6.609587081438965
155281,6.609587081438965
155704,6.609587081438965
155778,6.609587081438965
158315,6.609587081438965
158316,6.609587081438965
158415,6.609587081438965
159159,6.609587081438965
159269,6.609587081438965
159365,6.609587081438965
159661,6.609587081438965
159690,6.609587081438965
159795,6.609587081438965
159826,6.609587081438965
159892,6.609587081438965
160124,6.609587081438965
160209,6.609587081438965
160210,6.609587081438965
160220,6.609587081438965
160271,6.609587081438965
160328,6.609587081438965
160674,6.609587081438965
161704,6.609587081438965
161765,6.609587081438965
161793,6.609587081438965
162040,6.609587081438965
162715,6.609587081438965
162771,6.609587081438965
162792,6.609587081438965
162802,6.609587081438965
163046,6.609587081438965
163114,6.609587081438965
163447,6.609587081438965
163711,6.609587081438965
164649,6.609587081438965
165553,6.609587081438965
165785,6.609587081438965
165805,6.609587081438965
165829,6.609587081438965
165972,6.609587081438965
167028,6.609587081438965
167235,6.609587081438965
167348,6.609587081438965
167433,6.609587081438965
167434,6.609587081438965
167518,6.609587081438965
167655,6.609587081438965
167729,6.609587081438965
167980,6.609587081438965
168123,6.609587081438965
168204,6.609587081438965
168417,6.609587081438965
168468,6.609587081438965
168559,6.609587081438965
168634,6.609587081438965
168902,6.609587081438965
168905,6.609587081438965
169153,6.609587081438965
169274,6.609587081438965
169425,6.609587081438965
169917,6.609587081438965
170191,6.609587081438965
170242,6.609587081438965
170261,6.609587081438965
170689,6.609587081438965
170772,6.609587081438965
171068,6.609587081438965
171363,6.609587081438965
171366,6.609587081438965
172155,6.609587081438965
172492,6.609587081438965
172498,6.609587081438965
172588,6.609587081438965
173303,6.609587081438965
173849,6.609587081438965
173850,6.609587081438965
174043,6.609587081438965
174138,6.609587081438965
174141,6.609587081438965
174142,6.609587081438965
174143,6.609587081438965
174147,6.609587081438965
174186,6.609587081438965
174519,6.609587081438965
174584,6.609587081438965
174592,6.609587081438965
174638,6.609587081438965
174765,6.609587081438965
174998,6.609587081438965
175137,6.609587081438965
175198,6.609587081438965
175362,6.609587081438965
175402,6.609587081438965
175404,6.609587081438965
175410,6.609587081438965
175424,6.609587081438965
175432,6.609587081438965
175525,6.609587081438965
175530,6.609587081438965
175536,6.967804232239724
175568,6.967804232239724
175596,6.967804232239724
175599,6.967804232239724
175601,6.967804232239724
175603,6.967804232239724
176478,6.967804232239724
176599,6.967804232239724
176615,6.967804232239724
176958,6.967804232239724
177092,6.967804232239724
177998,6.967804232239724
178624,6.967804232239724
179097,6.967804232239724
179795,6.967804232239724
179949,6.967804232239724
180211,6.967804232239724
180670,6.967804232239724
180710,6.967804232239724
181089,6.967804232239724
181090,6.967804232239724
181354,6.967804232239724
181640,6.967804232239724
182341,6.967804232239724
182406,6.967804232239724
182886,6.967804232239724
183216,6.967804232239724
183492,6.967804232239724
183554,6.967804232239724
183591,6.967804232239724
183878,6.967804232239724
183891,6.967804232239724
184022,6.967804232239724
184059,6.967804232239724
184153,6.967804232239724
184285,6.967804232239724
184299,6.967804232239724
184727,6.967804232239724
184745,6.967804232239724
184840,6.967804232239724
185001,6.967804232239724
185291,6.967804232239724
185420,6.967804232239724
185442,6.967804232239724
185562,6.967804232239724
185761,6.967804232239724
185762,6.967804232239724
185792,6.967804232239724
185825,6.967804232239724
185837,6.967804232239724
185943,6.967804232239724
186034,6.967804232239724
186180,6.967804232239724
186184,6.967804232239724
186220,6.967804232239724
186515,6.967804232239724
186553,6.967804232239724
186613,6.967804232239724
186908,6.967804232239724
187112,6.967804232239724
187132,6.967804232239724
187502,6.967804232239724
187556,6.967804232239724
187976,6.967804232239724
188050,6.967804232239724
188091,6.967804232239724
188412,6.967804232239724
188453,6.967804232239724
189415,6.967804232239724
189446,6.967804232239724
189545,6.967804232239724
189632,6.967804232239724
189639,6.967804232239724
189659,6.967804232239724
189784,6.967804232239724
189793,6.967804232239724
189984,6.967804232239724
190254,6.967804232239724
190441,6.967804232239724
190793,6.967804232239724
190907,6.967804232239724
191056,6.967804232239724
191323,6.967804232239724
191523,6.967804232239724
191653,6.967804232239724
191956,6.967804232239724
192252,6.967804232239724
192314,6.967804232239724
192428,6.967804232239724
192485,6.967804232239724
192680,6.967804232239724
192732,6.967804232239724
192794,6.967804232239724
192906,6.967804232239724
192976,6.967804232239724
192978,6.967804232239724
193042,6.967804232239724
193282,6.967804232239724
193298,6.967804232239724
193378,6.967804232239724
193445,6.967804232239724
193446,6.967804232239724
193452,6.967804232239724
193562,6.967804232239724
193619,6.967804232239724
194259,6.967804232239724
194261,6.967804232239724
194858,6.967804232239724
194927,6.967804232239724
195110,6.967804232239724
195229,6.967804232239724
195249,6.967804232239724
195328,6.967804232239724
195434,6.967804232239724
195669,6.967804232239724
195723,6.967804232239724
195816,6.967804232239724
195843,6.967804232239724
195845,6.967804232239724
195937,6.967804232239724
196023,6.967804232239724
196053,6.967804232239724
196075,6.967804232239724
196188,6.967804232239724
196773,6.967804232239724
197162,6.967804232239724
197441,6.967804232239724
197722,6.967804232239724
198098,6.967804232239724
198099,6.967804232239724
198395,6.967804232239724
198396,6.967804232239724
198598,6.967804232239724
198675,6.967804232239724
198961,6.967804232239724
198962,6.967804232239724
199373,6.967804232239724
199392,6.967804232239724
199827,6.967804232239724
200084,6.967804232239724
200355,6.967804232239724
200547,6.967804232239724
200589,6.967804232239724
200704,6.967804232239724
200859,6.967804232239724
201212,6.967804232239724
201754,6.967804232239724
202240,6.967804232239724
202250,6.967804232239724
202261,6.967804232239724
202267,6.967804232239724
202268,6.967804232239724
202419,6.967804232239724
202421,6.967804232239724
202615,6.967804232239724
202661,6.967804232239724
202880,6.967804232239724
203010,6.967804232239724
203387,6.967804232239724
203526,6.967804232239724
203812,6.967804232239724
203861,6.967804232239724
204027,6.967804232239724
204135,6.967804232239724
204145,6.967804232239724
204200,6.967804232239724
204317,6.967804232239724
204483,6.967804232239724
204855,6.967804232239724
205113,6.967804232239724
205310,6.967804232239724
205485,6.967804232239724
206737,6.967804232239724
207195,6.967804232239724
207451,6.967804232239724
207491,6.967804232239724
207573,6.967804232239724
207593,6.967804232239724
207932,6.967804232239724
208370,6.967804232239724
208450,6.967804232239724
208513,6.967804232239724
208754,6.967804232239724
208773,6.967804232239724
208825,6.967804232239724
208908,6.967804232239724
208930,6.967804232239724
209408,6.967804232239724
209412,6.967804232239724
209839,6.967804232239724
210230,6.967804232239724
210231,6.967804232239724
210272,6.967804232239724
210458,6.967804232239724
210864,6.967804232239724
210940,6.967804232239724
211027,6.967804232239724
211035,6.967804232239724
211059,6.967804232239724
211066,6.563943326473236
211068,6.563943326473236
211276,6.563943326473236
211311,6.563943326473236
211567,6.563943326473236
211581,6.563943326473236
211723,6.563943326473236
211802,6.563943326473236
211844,6.563943326473236
211934,6.563943326473236
211936,6.563943326473236
211993,6.563943326473236
211994,6.563943326473236
212003,6.563943326473236
212004,6.563943326473236
212005,6.563943326473236
212146,6.563943326473236
212186,6.563943326473236
212278,6.563943326473236
212279,6.563943326473236
212315,6.563943326473236
212609,6.563943326473236
212675,6.563943326473236
212775,6.563943326473236
213076,6.563943326473236
213329,6.563943326473236
213509,6.563943326473236
214167,6.563943326473236
214265,6.563943326473236
214272,6.563943326473236
214671,6.563943326473236
214799,6.563943326473236
215158,6.563943326473236
215425,6.563943326473236
215726,6.563943326473236
215920,6.563943326473236
216310,6.563943326473236
216570,6.563943326473236
216767,6.563943326473236
217072,6.563943326473236
217239,6.563943326473236
217249,6.563943326473236
217285,6.563943326473236
217300,6.563943326473236
217629,6.563943326473236
217632,6.563943326473236
217660,6.563943326473236
217886,6.563943326473236
218226,6.563943326473236
218440,6.563943326473236
218453,6.563943326473236
218572,6.563943326473236
218707,6.563943326473236
218708,6.563943326473236
218711,6.563943326473236
218712,6.563943326473236
218713,6.563943326473236
218740,6.563943326473236
218971,6.563943326473236
219164,6.563943326473236
219200,6.563943326473236
219483,6.563943326473236
219568,6.563943326473236
219658,6.563943326473236
219779,6.563943326473236
220187,6.563943326473236
220312,6.563943326473236
220375,6.563943326473236
220445,6.563943326473236
220458,6.563943326473236
220566,6.563943326473236
220631,6.563943326473236
220632,6.563943326473236
220658,6.563943326473236
220688,6.563943326473236
220848,6.563943326473236
221062,6.563943326473236
221119,6.563943326473236
221126,6.563943326473236
221127,6.563943326473236
221190,6.563943326473236
221293,6.563943326473236
221490,6.563943326473236
221726,6.563943326473236
221736,6.563943326473236
221819,6.563943326473236
222425,6.563943326473236
223134,6.563943326473236
223268,6.563943326473236
223407,6.563943326473236
223502,6.563943326473236
225021,6.563943326473236
225022,6.563943326473236
225462,6.563943326473236
225604,6.563943326473236
225631,6.563943326473236
225819,6.563943326473236
225843,6.563943326473236
225850,6.563943326473236
225941,6.563943326473236
226256,6.563943326473236
226507,6.563943326473236
226540,6.563943326473236
226677,6.563943326473236
226734,6.563943326473236
226750,6.563943326473236
226806,6.563943326473236
226816,6.563943326473236
226986,6.563943326473236
227098,6.563943326473236
227102,6.563943326473236
227136,6.563943326473236
227231,6.563943326473236
227240,6.563943326473236
227390,6.563943326473236
227392,6.563943326473236
227718,6.563943326473236
227724,6.563943326473236
227739,6.563943326473236
227980,6.563943326473236
228026,6.563943326473236
228046,6.563943326473236
228109,6.563943326473236
228254,6.563943326473236
228255,6.563943326473236
228259,6.563943326473236
228350,6.563943326473236
228378,6.563943326473236
228380,6.563943326473236
228382,6.563943326473236
228715,6.563943326473236
228820,6.563943326473236
228898,6.563943326473236
228969,6.563943326473236
229393,6.563943326473236
229642,6.563943326473236
229795,6.563943326473236
229805,6.563943326473236
229947,6.563943326473236
230110,6.563943326473236
230176,6.563943326473236
230295,6.563943326473236
230517,6.563943326473236
230764,6.563943326473236
230914,6.563943326473236
230940,6.563943326473236
231278,6.563943326473236
231414,6.563943326473236
231474,6.563943326473236
231497,6.563943326473236
231722,6.563943326473236
231887,6.563943326473236
231888,6.563943326473236
232072,6.563943326473236
232165,6.563943326473236
232646,6.563943326473236
232884,6.563943326473236
233608,6.563943326473236
233926,6.563943326473236
234059,6.563943326473236
234305,6.563943326473236
234378,6.563943326473236
234413,6.563943326473236
234531,6.563943326473236
234761,6.563943326473236
234778,6.563943326473236
235128,6.563943326473236
235130,6.563943326473236
235421,6.563943326473236
235612,6.563943326473236
235634,6.563943326473236
235722,6.563943326473236
236020,6.563943326473236
236074,6.563943326473236
236103,6.563943326473236
236196,6.563943326473236
236224,6.563943326473236
236510,6.563943326473236
236590,6.563943326473236
236597,6.563943326473236
236612,6.563943326473236
236657,6.563943326473236
236790,6.563943326473236
236947,6.563943326473236
237046,6.563943326473236
237423,6.563943326473236
237602,6.563943326473236
237834,6.563943326473236
237988,6.563943326473236
238004,6.563943326473236
238006,6.563943326473236
238087,6.563943326473236
238640,6.563943326473236
238815,6.563943326473236
238962,6.563943326473236
239125,6.563943326473236
239270,6.563943326473236
239646,6.563943326473236
239816,6.563943326473236
239839,6.563943326473236
239910,6.642507548630238
239911,6.642507548630238
239912,6.642507548630238
239924,6.642507548630238
239926,6.642507548630238
239960,6.642507548630238
239974,6.642507548630238
240038,6.642507548630238
240039,6.642507548630238
240198,6.642507548630238
240287,6.642507548630238
240346,6.642507548630238
240386,6.642507548630238
240428,6.642507548630238
240499,6.642507548630238
240562,6.642507548630238
240757,6.642507548630238
240760,6.642507548630238
240799,6.642507548630238
240800,6.642507548630238
240811,6.642507548630238
240828,6.642507548630238
240835,6.642507548630238
240837,6.642507548630238
240838,6.642507548630238
240974,6.642507548630238
241033,6.642507548630238
241089,6.642507548630238
241091,6.642507548630238
241093,6.642507548630238
241112,6.642507548630238
241133,6.642507548630238
241158,6.642507548630238
241185,6.642507548630238
241264,6.642507548630238
241265,6.642507548630238
241267,6.642507548630238
241335,6.642507548630238
241831,6.642507548630238
241967,6.642507548630238
242082,6.642507548630238
242170,6.642507548630238
242216,6.642507548630238
242633,6.642507548630238
242670,6.642507548630238
242962,6.642507548630238
243916,6.642507548630238
243923,6.642507548630238
243981,6.642507548630238
244878,6.642507548630238
244900,6.642507548630238
245531,6.642507548630238
245665,6.642507548630238
246429,6.642507548630238
246430,6.642507548630238
246431,6.642507548630238
246898,6.642507548630238
246915,6.642507548630238
247417,6.642507548630238
247548,6.642507548630238
247841,6.642507548630238
247886,6.642507548630238
248154,6.642507548630238
248175,6.642507548630238
248206,6.642507548630238
248208,6.642507548630238
248665,6.642507548630238
249619,6.642507548630238
249637,6.642507548630238
250117,6.642507548630238
250514,6.642507548630238
250724,6.642507548630238
250802,6.642507548630238
251009,6.642507548630238
251060,6.642507548630238
251547,6.642507548630238
251666,6.642507548630238
251831,6.642507548630238
252321,6.642507548630238
252347,6.642507548630238
252655,6.642507548630238
252782,6.642507548630238
253042,6.642507548630238
253046,6.642507548630238
253047,6.642507548630238
253048,6.642507548630238
253628,6.642507548630238
254374,6.642507548630238
254716,6.642507548630238
254762,6.642507548630238
254788,6.642507548630238
254895,6.642507548630238
255191,6.642507548630238
255525,6.642507548630238
255526,6.642507548630238
255530,6.642507548630238
255550,6.642507548630238
255667,6.642507548630238
255980,6.642507548630238
256114,6.642507548630238
256278,6.642507548630238
256528,6.642507548630238
256552,6.642507548630238
256649,6.642507548630238
256660,6.642507548630238
256863,6.642507548630238
257369,6.642507548630238
257608,6.642507548630238
257740,6.642507548630238
257844,6.642507548630238
257991,6.642507548630238
258081,6.642507548630238
259054,6.642507548630238
259070,6.642507548630238
259790,6.642507548630238
260371,6.642507548630238
260373,6.642507548630238
260407,6.642507548630238
260467,6.642507548630238
260619,6.642507548630238
260677,6.642507548630238
260680,6.642507548630238
260729,6.642507548630238
260736,6.642507548630238
260770,6.642507548630238
260839,6.642507548630238
261048,6.642507548630238
261805,6.642507548630238
262111,6.642507548630238
262112,6.642507548630238
262162,6.642507548630238
262382,6.642507548630238
262547,6.642507548630238
262865,6.642507548630238
262897,6.642507548630238
262939,6.642507548630238
262940,6.642507548630238
262943,6.642507548630238
263750,6.642507548630238
263771,6.642507548630238
263808,6.642507548630238
263907,6.642507548630238
264089,6.642507548630238
264355,6.642507548630238
264356,6.642507548630238
264358,6.642507548630238
264588,6.642507548630238
265391,6.642507548630238
265614,6.642507548630238
265708,6.642507548630238
266070,6.642507548630238
266147,6.642507548630238
266157,6.642507548630238
266301,6.642507548630238
266348,6.642507548630238
266372,6.642507548630238
266455,6.642507548630238
266794,6.642507548630238
267018,6.642507548630238
267250,6.642507548630238
267412,6.642507548630238
267481,6.642507548630238
267615,6.642507548630238
267732,6.642507548630238
268067,6.642507548630238
268070,6.642507548630238
268165,6.642507548630238
268320,6.642507548630238
268412,6.642507548630238
268510,6.642507548630238
268545,6.642507548630238
268653,6.642507548630238
269023,6.642507548630238
269075,6.642507548630238
269090,6.642507548630238
269235,6.642507548630238
269389,6.642507548630238
269436,6.642507548630238
269534,6.642507548630238
269565,6.642507548630238
269918,6.642507548630238
270060,6.642507548630238
270229,6.642507548630238
270274,6.642507548630238
270422,6.642507548630238
270473,6.642507548630238
270636,6.642507548630238
270641,6.642507548630238
270739,6.642507548630238
271145,6.642507548630238
271151,6.642507548630238
271687,6.642507548630238
271724,6.642507548630238
272034,6.642507548630238
272188,6.642507548630238
272475,6.642507548630238
272509,6.642507548630238
272510,6.642507548630238
272921,6.642507548630238
273551,6.642507548630238
273834,6.512844312191009
273843,6.512844312191009
273844,6.512844312191009
273877,6.512844312191009
273879,6.512844312191009
274133,6.512844312191009
274234,6.512844312191009
274646,6.512844312191009
275352,6.512844312191009
275371,6.512844312191009
275610,6.512844312191009
276051,6.512844312191009
276150,6.512844312191009
276187,6.512844312191009
276412,6.512844312191009
276705,6.512844312191009
276788,6.512844312191009
276792,6.512844312191009
277105,6.512844312191009
277217,6.512844312191009
277399,6.512844312191009
277506,6.512844312191009
277518,6.512844312191009
277551,6.512844312191009
277554,6.512844312191009
277627,6.512844312191009
277954,6.512844312191009
278031,6.512844312191009
278220,6.512844312191009
278440,6.512844312191009
278569,6.512844312191009
278661,6.512844312191009
278670,6.512844312191009
278757,6.512844312191009
278801,6.512844312191009
278815,6.512844312191009
278826,6.512844312191009
278828,6.512844312191009
278998,6.512844312191009
279048,6.512844312191009
279059,6.512844312191009
279202,6.512844312191009
279457,6.512844312191009
279713,6.512844312191009
280380,6.512844312191009
280516,6.512844312191009
280678,6.512844312191009
280837,6.512844312191009
282000,6.512844312191009
282372,6.512844312191009
282433,6.512844312191009
282564,6.512844312191009
282565,6.512844312191009
282684,6.512844312191009
282762,6.512844312191009
282971,6.512844312191009
283053,6.512844312191009
283272,6.512844312191009
283480,6.512844312191009
283636,6.512844312191009
283643,6.512844312191009
284235,6.512844312191009
284546,6.512844312191009
284575,6.512844312191009
284838,6.512844312191009
285093,6.512844312191009
285117,6.512844312191009
285130,6.512844312191009
285422,6.512844312191009
285482,6.512844312191009
285666,6.512844312191009
285759,6.512844312191009
285776,6.512844312191009
285813,6.512844312191009
285879,6.512844312191009
285899,6.512844312191009
285901,6.512844312191009
285905,6.512844312191009
286109,6.512844312191009
286650,6.512844312191009
286775,6.512844312191009
286967,6.512844312191009
287488,6.512844312191009
287615,6.512844312191009
288010,6.512844312191009
288311,6.512844312191009
288940,6.512844312191009
289119,6.512844312191009
289131,6.512844312191009
289145,6.512844312191009
289601,6.512844312191009
289672,6.512844312191009
289829,6.512844312191009
289854,6.512844312191009
289906,6.512844312191009
289907,6.512844312191009
289910,6.512844312191009
289915,6.512844312191009
289951,6.512844312191009
290426,6.512844312191009
290630,6.512844312191009
290980,6.512844312191009
290993,6.512844312191009
291039,6.512844312191009
291195,6.512844312191009
291412,6.512844312191009
291479,6.512844312191009
291494,6.512844312191009
291821,6.512844312191009
292219,6.512844312191009
292222,6.512844312191009
292233,6.512844312191009
292238,6.512844312191009
292264,6.512844312191009
292273,6.512844312191009
292298,6.512844312191009
292316,6.512844312191009
292359,6.512844312191009
292382,6.512844312191009
292429,6.512844312191009
292522,6.512844312191009
292527,6.512844312191009
292542,6.512844312191009
292712,6.512844312191009
292832,6.512844312191009
292969,6.512844312191009
292970,6.512844312191009
293008,6.512844312191009
293049,6.512844312191009
293193,6.512844312191009
293532,6.512844312191009
293648,6.512844312191009
293887,6.512844312191009
293945,6.512844312191009
294137,6.512844312191009
294202,6.512844312191009
294288,6.512844312191009
294337,6.512844312191009
294654,6.512844312191009
294713,6.512844312191009
294836,6.512844312191009
294895,6.512844312191009
294991,6.512844312191009
294993,6.512844312191009
295001,6.512844312191009
295017,6.512844312191009
295048,6.512844312191009
295195,6.512844312191009
295318,6.512844312191009
295421,6.512844312191009
295615,6.512844312191009
295766,6.512844312191009
295862,6.512844312191009
295884,6.512844312191009
295918,6.512844312191009
296076,6.512844312191009
296078,6.512844312191009
296109,6.512844312191009
296151,6.512844312191009
296195,6.512844312191009
296261,6.512844312191009
296308,6.512844312191009
296367,6.512844312191009
296659,6.512844312191009
296739,6.512844312191009
296820,6.512844312191009
296870,6.512844312191009
296875,6.512844312191009
296941,6.512844312191009
296980,6.512844312191009
297022,6.512844312191009
297094,6.512844312191009
297168,6.512844312191009
297208,6.512844312191009
297224,6.512844312191009
297254,6.512844312191009
297340,6.512844312191009
297342,6.512844312191009
297344,6.512844312191009
297361,6.512844312191009
297370,6.512844312191009
297396,6.512844312191009
297456,6.512844312191009
297624,6.512844312191009
297954,6.512844312191009
297969,6.512844312191009
298451,6.512844312191009
298477,6.512844312191009
298698,6.512844312191009
298718,6.512844312191009
299202,6.512844312191009
299372,6.512844312191009
299498,6.512844312191009
299673,6.512844312191009
299709,6.512844312191009
300685,6.512844312191009
300839,6.512844312191009
300865,6.512844312191009
301233,6.512844312191009
301369,6.512844312191009
301469,6.665671056822727
301476,6.665671056822727
301541,6.665671056822727
301601,6.665671056822727
301740,6.665671056822727
302076,6.665671056822727
302128,6.665671056822727
302189,6.665671056822727
302190,6.665671056822727
302286,6.665671056822727
302418,6.665671056822727
302523,6.665671056822727
302639,6.665671056822727
302766,6.665671056822727
302797,6.665671056822727
302802,6.665671056822727
302875,6.665671056822727
303068,6.665671056822727
303157,6.665671056822727
303172,6.654650884015219
303195,6.654650884015219
303399,6.654650884015219
303864,6.654650884015219
304065,6.654650884015219
304183,6.654650884015219
304319,6.654650884015219
304827,6.654650884015219
305114,6.654650884015219
305390,6.654650884015219
305511,6.654650884015219
305579,6.654650884015219
305621,6.654650884015219
306147,6.654650884015219
306193,6.654650884015219
306429,6.654650884015219
306559,6.654650884015219
306742,6.654650884015219
306993,6.654650884015219
307378,6.654650884015219
307924,6.654650884015219
308558,6.280748307003695
308588,6.280748307003695
308936,6.280748307003695
308961,6.280748307003695
308997,6.280748307003695
309056,6.280748307003695
309300,6.280748307003695
309311,6.280748307003695
309331,6.280748307003695
309668,6.280748307003695
309670,6.280748307003695
309753,6.280748307003695
309792,6.280748307003695
309807,6.280748307003695
309869,6.280748307003695
309910,6.280748307003695
309921,6.280748307003695
310263,6.193983961476221
310950,6.193983961476221
311310,6.193983961476221
311600,6.193983961476221
311615,6.193983961476221
311759,6.193983961476221
311784,6.193983961476221
312223,6.193983961476221
312427,6.193983961476221
312723,6.193983961476221
312958,6.193983961476221
312966,6.193983961476221
312979,6.193983961476221
312982,6.193983961476221
313852,6.193983961476221
314163,6.193983961476221
314312,6.193983961476221
314447,6.193983961476221
314488,6.333474918415672
314518,6.333474918415672
315060,6.333474918415672
315069,6.333474918415672
315456,6.333474918415672
315516,6.333474918415672
315574,6.333474918415672
315744,6.333474918415672
315745,6.333474918415672
315779,6.333474918415672
315804,6.333474918415672
316106,6.333474918415672
316131,6.333474918415672
316247,6.333474918415672
316264,6.333474918415672
316519,6.333474918415672
316607,6.333474918415672
316957,6.333474918415672
317002,6.333474918415672
317042,5.982520768922918
317275,5.982520768922918
317613,5.982520768922918
317614,5.982520768922918
317680,5.982520768922918
318227,5.982520768922918
318261,5.982520768922918
318541,5.982520768922918
318599,5.982520768922918
318602,5.982520768922918
319252,5.982520768922918
319286,5.982520768922918
319513,5.982520768922918
319739,5.982520768922918
319894,5.982520768922918
320052,5.982520768922918
320824,5.982520768922918
320839,6.468261619876412
320851,6.468261619876412
320857,6.468261619876412
321092,6.468261619876412
321190,6.468261619876412
321387,6.468261619876412
321407,6.468261619876412
321825,6.468261619876412
321885,6.468261619876412
322102,6.468261619876412
322130,6.468261619876412
322193,6.468261619876412
322859,6.468261619876412
322898,6.468261619876412
322926,6.468261619876412
322955,6.468261619876412
322967,6.468261619876412
323158,5.841492527409604
323626,5.841492527409604
323651,5.841492527409604
323655,5.841492527409604
323840,5.841492527409604
323960,5.841492527409604
324295,5.841492527409604
324728,5.841492527409604
325097,5.841492527409604
325178,5.841492527409604
325281,5.841492527409604
325285,5.841492527409604
325286,5.841492527409604
325571,5.841492527409604
325585,5.841492527409604
325587,5.841492527409604
325612,5.841492527409604
325673,5.841492527409604
325727,5.841492527409604
325808,6.683211309380002
325892,6.683211309380002
325982,6.683211309380002
326505,6.683211309380002
326644,6.683211309380002
326867,6.683211309380002
326868,6.683211309380002
326869,6.683211309380002
326870,6.683211309380002
326871,6.683211309380002
326874,6.683211309380002
326895,6.683211309380002
327055,6.683211309380002
327317,6.683211309380002
327519,6.683211309380002
327606,6.683211309380002
327772,6.683211309380002
327986,6.683211309380002
328012,6.683211309380002
328032,6.683211309380002
328195,6.683211309380002
328313,6.683211309380002
328356,6.683211309380002
328447,6.683211309380002
328609,6.683211309380002
329014,6.683211309380002
329114,6.683211309380002
329202,6.683211309380002
329285,6.683211309380002
329436,6.683211309380002
329906,6.683211309380002
329909,6.683211309380002
330054,6.683211309380002
330055,6.683211309380002
330057,6.683211309380002
330882,6.683211309380002
330894,6.683211309380002
330918,6.683211309380002
330973,6.683211309380002
331031,6.683211309380002
331033,6.683211309380002
331164,6.683211309380002
331445,6.683211309380002
331479,6.683211309380002
331480,6.683211309380002
331535,6.530954364935556
331592,6.530954364935556
331692,6.530954364935556
331751,6.530954364935556
331752,6.530954364935556
331887,6.530954364935556
331935,6.530954364935556
332117,6.530954364935556
332133,6.530954364935556
332261,6.530954364935556
332446,6.530954364935556
332467,6.530954364935556
332585,6.530954364935556
332649,6.530954364935556
332655,6.530954364935556
333158,6.359636339545249
333176,6.359636339545249
333349,6.359636339545249
333442,6.359636339545249
333448,6.359636339545249
333598,6.359636339545249
333623,6.359636339545249
333624,6.359636339545249
333664,6.359636339545249
333716,6.359636339545249
333853,6.359636339545249
334319,6.359636339545249
334495,6.359636339545249
334498,6.359636339545249
335225,6.359636339545249
335389,6.359636339545249
335579,6.359636339545249
336458,6.359636339545249
337430,6.359636339545249
337433,6.359636339545249
337459,5.953348924896934
338201,5.953348924896934
338270,5.953348924896934
338653,5.953348924896934
338802,5.953348924896934
339062,5.953348924896934
339326,5.953348924896934
339694,5.953348924896934
339904,5.953348924896934
339969,5.953348924896934
339998,5.953348924896934
340188,5.953348924896934
340677,5.953348924896934
340822,5.953348924896934
340842,5.953348924896934
341077,5.953348924896934
341148,5.953348924896934
341163,5.953348924896934
342200,5.953348924896934
342667,5.953348924896934
342672,5.953348924896934
342673,5.953348924896934
343106,6.66068331364175
343125,6.66068331364175
343656,6.66068331364175
344422,6.66068331364175
344740,6.66068331364175
344874,6.66068331364175
345021,6.66068331364175
345649,6.66068331364175
345705,6.66068331364175
345771,6.66068331364175
346425,6.66068331364175
346426,6.66068331364175
347140,6.66068331364175
347887,6.66068331364175
347942,6.66068331364175
347953,6.66068331364175
348128,6.66068331364175
348220,6.66068331364175
348335,6.66068331364175
348538,6.66068331364175
348666,6.66068331364175
348699,6.66068331364175
349032,6.66068331364175
349033,6.66068331364175
349039,6.66068331364175
349084,6.66068331364175
349093,6.66068331364175
349222,6.66068331364175
349223,6.66068331364175
349317,6.66068331364175
349319,6.66068331364175
349441,6.66068331364175
349465,6.66068331364175
350224,6.66068331364175
350235,6.66068331364175
350343,6.66068331364175
350523,6.66068331364175
350764,6.66068331364175
350771,6.66068331364175
351251,6.66068331364175
351349,6.66068331364175
351373,6.66068331364175
351375,6.66068331364175
351712,6.66068331364175
351714,6.66068331364175
351897,6.66068331364175
351943,6.66068331364175
351973,6.66068331364175
352336,6.66068331364175
353266,6.66068331364175
353605,6.66068331364175
353645,6.66068331364175
353657,6.66068331364175
353805,6.66068331364175
353819,6.66068331364175
354042,6.66068331364175
354146,6.66068331364175
354176,6.66068331364175
354190,6.66068331364175
354246,6.66068331364175
354247,6.66068331364175
354414,6.66068331364175
354421,6.66068331364175
354682,6.66068331364175
354700,6.66068331364175
355072,6.66068331364175
355109,6.66068331364175
355114,6.66068331364175
355338,6.66068331364175
355342,6.66068331364175
355798,6.66068331364175
355802,6.620508688688278
355803,6.620508688688278
356413,6.620508688688278
356756,6.620508688688278
356774,6.620508688688278
356793,6.620508688688278
357210,6.620508688688278
357754,6.620508688688278
357960,6.620508688688278
357961,6.620508688688278
357962,6.620508688688278
359059,6.620508688688278
359177,6.620508688688278
359527,6.620508688688278
359980,6.620508688688278
359985,6.620508688688278
360256,6.620508688688278
360345,6.620508688688278
360783,6.620508688688278
361095,6.620508688688278
361110,6.620508688688278
362005,6.620508688688278
362006,6.620508688688278
362255,6.620508688688278
362479,6.620508688688278
362575,6.620508688688278
362577,6.620508688688278
362733,6.620508688688278
363026,6.620508688688278
363101,6.620508688688278
363102,6.620508688688278
363242,6.620508688688278
363263,6.620508688688278
363308,6.620508688688278
363569,6.620508688688278
363600,6.620508688688278
363825,6.620508688688278
363880,6.620508688688278
363959,6.620508688688278
364252,6.620508688688278
364450,6.620508688688278
364468,6.620508688688278
364522,6.620508688688278
364822,6.620508688688278
364845,6.620508688688278
364932,6.620508688688278
365437,6.620508688688278
365572,6.620508688688278
365952,6.620508688688278
366165,6.620508688688278
366250,6.264688563346863
366253,6.264688563346863
366257,6.264688563346863
366331,6.264688563346863
366507,6.264688563346863
366522,6.264688563346863
366695,6.264688563346863
366793,6.264688563346863
367727,6.264688563346863
368116,6.264688563346863
368289,6.264688563346863
368456,6.264688563346863
368617,6.264688563346863
368816,6.264688563346863
368829,6.264688563346863
369304,6.264688563346863
369768,6.264688563346863
369784,6.264688563346863
369793,6.264688563346863
369794,6.264688563346863
371396,6.264688563346863
371546,6.264688563346863
371842,6.264688563346863
372010,6.264688563346863
373247,6.264688563346863
373266,6.264688563346863
373267,6.264688563346863
373390,6.264688563346863
373710,6.264688563346863
373712,6.264688563346863
373787,6.264688563346863
373833,6.264688563346863
374206,6.264688563346863
374228,6.264688563346863
374319,6.264688563346863
374563,6.264688563346863
374648,6.264688563346863
375511,6.264688563346863
375531,6.264688563346863
375571,6.264688563346863
375735,6.34308539856048
375816,6.34308539856048
375817,6.34308539856048
375913,6.34308539856048
375977,6.34308539856048
375987,6.34308539856048
376106,6.34308539856048
376137,6.34308539856048
376433,6.34308539856048
376565,6.34308539856048
376703,6.34308539856048
376739,6.34308539856048
377125,6.34308539856048
377556,6.34308539856048
377607,6.34308539856048
377769,6.34308539856048
378298,6.34308539856048
378797,6.34308539856048
378860,6.34308539856048
378862,6.34308539856048
379442,6.34308539856048
379639,6.884713683740513
379687,6.884713683740513
380448,6.884713683740513
380582,6.884713683740513
380749,6.884713683740513
380792,6.884713683740513
381384,6.884713683740513
381666,6.884713683740513
381793,6.884713683740513
382852,6.884713683740513
383251,6.884713683740513
383631,6.884713683740513
384635,6.884713683740513
384672,6.884713683740513
385209,6.884713683740513
385210,6.884713683740513
385411,6.884713683740513
385541,6.884713683740513
385928,6.884713683740513
386469,6.884713683740513
386809,6.884713683740513
387746,6.884713683740513
387803,6.884713683740513
387822,6.884713683740513
388067,6.884713683740513
388170,6.884713683740513
388981,6.884713683740513
388993,6.884713683740513
389156,6.884713683740513
389450,6.884713683740513
389466,6.884713683740513
389571,6.884713683740513
389772,6.884713683740513
389998,6.884713683740513
390239,6.884713683740513
390353,6.884713683740513
390618,6.884713683740513
390712,6.884713683740513
390794,6.884713683740513
390873,6.884713683740513
390980,6.884713683740513
391117,6.884713683740513
391496,6.884713683740513
391672,6.884713683740513
391866,6.884713683740513
392349,6.884713683740513
392973,6.884713683740513
393037,6.884713683740513
393038,6.884713683740513
393217,6.884713683740513
393238,6.884713683740513
394260,6.884713683740513
394623,6.884713683740513
394746,6.884713683740513
394784,6.884713683740513
394996,6.884713683740513
394997,6.884713683740513
395378,6.884713683740513
395489,6.884713683740513
395537,6.884713683740513
395684,6.884713683740513
395714,6.884713683740513
395782,6.884713683740513
396595,6.884713683740513
396940,6.884713683740513
396988,6.884713683740513
397025,6.884713683740513
397604,6.884713683740513
397808,6.884713683740513
398922,6.884713683740513
398943,6.884713683740513
398949,6.884713683740513
398965,6.884713683740513
399820,6.884713683740513
400114,6.551724851131439
400215,6.551724851131439
400551,6.551724851131439
400576,6.551724851131439
400595,6.551724851131439
400602,6.551724851131439
401301,6.551724851131439
401783,6.551724851131439
401786,6.551724851131439
401960,6.551724851131439
402128,6.551724851131439
402136,6.551724851131439
402223,6.551724851131439
402659,6.551724851131439
402754,6.551724851131439
402935,6.551724851131439
403020,6.551724851131439
403238,6.551724851131439
403379,6.551724851131439
403503,6.551724851131439
403631,6.551724851131439
403722,6.551724851131439
403741,6.551724851131439
404115,6.551724851131439
404284,6.551724851131439
404480,6.551724851131439
404643,6.551724851131439
404804,6.551724851131439
404809,6.551724851131439
405198,6.551724851131439
405659,6.551724851131439
405660,6.551724851131439
405785,6.551724851131439
406119,6.551724851131439
406160,6.551724851131439
406171,6.305157086482415
406180,6.305157086482415
406251,6.305157086482415
406307,6.305157086482415
406628,6.305157086482415
406736,6.305157086482415
407133,6.305157086482415
407234,6.305157086482415
407332,6.305157086482415
407573,6.305157086482415
407659,6.305157086482415
407697,6.305157086482415
407713,6.305157086482415
408013,6.305157086482415
408144,6.305157086482415
408195,6.305157086482415
408351,6.305157086482415
408361,6.305157086482415
408896,6.305157086482415
409088,6.305157086482415
409323,6.305157086482415
409441,6.305157086482415
410203,6.305157086482415
410346,6.305157086482415
410928,6.305157086482415
410939,6.305157086482415
411106,6.305157086482415
411246,6.305157086482415
411247,6.305157086482415
411248,6.305157086482415
411258,6.305157086482415
411268,6.305157086482415
411276,6.305157086482415
411426,6.305157086482415
411427,6.305157086482415
411450,6.305157086482415
411974,6.305157086482415
412164,6.305157086482415
412916,6.305157086482415
413635,6.15854342107115
413741,6.15854342107115
413786,6.15854342107115
414214,6.15854342107115
414461,6.15854342107115
414987,6.15854342107115
415166,6.15854342107115
415182,6.15854342107115
415587,6.15854342107115
415772,6.15854342107115
415779,6.15854342107115
416019,6.15854342107115
416320,6.15854342107115
416534,6.15854342107115
416777,6.15854342107115
417020,6.15854342107115
418512,6.15854342107115
419728,6.15854342107115
419846,6.15854342107115
420084,6.15854342107115
420628,6.15854342107115
421643,6.15854342107115
421677,6.15854342107115
422153,6.15854342107115
422425,6.15854342107115
422505,6.15854342107115
422759,6.15854342107115
424372,6.15854342107115
424379,6.15854342107115
424573,6.376357380910353
424663,6.376357380910353
424680,6.376357380910353
424853,6.376357380910353
424883,6.376357380910353
424892,6.376357380910353
425129,6.376357380910353
425211,6.376357380910353
425222,6.376357380910353
425236,6.376357380910353
425290,6.376357380910353
425536,6.376357380910353
425587,6.376357380910353
425591,6.376357380910353
425595,6.376357380910353
425601,6.376357380910353
425638,6.376357380910353
425890,6.376357380910353
425909,6.376357380910353
425910,6.376357380910353
425916,6.376357380910353
425969,6.376357380910353
425978,6.527113666973617
425988,6.527113666973617
425990,6.527113666973617
425991,6.527113666973617
425992,6.527113666973617
425998,6.527113666973617
426049,6.527113666973617
426123,6.527113666973617
426156,6.527113666973617
426531,6.527113666973617
426815,6.527113666973617
426947,6.527113666973617
426983,6.527113666973617
427233,6.527113666973617
427329,6.527113666973617
427568,6.527113666973617
428418,6.527113666973617
428735,6.527113666973617
428823,6.527113666973617
429305,6.527113666973617
431370,6.527113666973617
431767,6.527113666973617
431839,6.527113666973617
431933,6.527113666973617
432583,6.527113666973617
432597,6.527113666973617
432651,6.527113666973617
432751,6.527113666973617
433072,6.527113666973617
433729,6.527113666973617
434144,6.527113666973617
435926,6.527113666973617
436745,6.527113666973617
437206,6.527113666973617
437532,6.527113666973617
437732,6.527113666973617
438187,6.527113666973617
439850,6.527113666973617
441084,6.765074740006373
441447,6.765074740006373
441795,6.765074740006373
441939,6.765074740006373
442176,6.765074740006373
442523,6.765074740006373
442559,6.765074740006373
443112,6.765074740006373
443147,6.765074740006373
443428,6.765074740006373
443493,6.765074740006373
443676,6.765074740006373
443931,6.765074740006373
444046,6.765074740006373
444049,6.765074740006373
444334,6.765074740006373
444339,6.765074740006373
444359,6.765074740006373
444403,6.765074740006373
444557,6.765074740006373
444634,6.765074740006373
445708,6.765074740006373
445722,6.765074740006373
445821,6.765074740006373
445836,6.765074740006373
446175,6.765074740006373
446475,6.765074740006373
446615,6.765074740006373
446618,6.765074740006373
448478,6.765074740006373
448613,6.765074740006373
448657,6.765074740006373
448879,6.765074740006373
449562,6.765074740006373
449567,6.765074740006373
449725,6.765074740006373
450586,6.765074740006373
450695,6.765074740006373
451119,6.765074740006373
451426,6.765074740006373
451556,6.765074740006373
454787,6.765074740006373
454887,6.765074740006373
455345,6.765074740006373
455355,6.765074740006373
455835,6.765074740006373
455981,6.765074740006373
456042,6.765074740006373
456619,6.765074740006373
457326,6.765074740006373
457945,6.765074740006373
457956,6.765074740006373
457991,6.765074740006373
458047,6.765074740006373
459435,6.765074740006373
459725,6.765074740006373
460306,6.765074740006373
460657,6.765074740006373
461338,6.765074740006373
461545,6.765074740006373
462608,6.765074740006373
463389,6.765074740006373
463778,6.765074740006373
464376,6.765074740006373
464561,6.765074740006373
464563,6.510121683384243
464594,6.510121683384243
464961,6.510121683384243
465348,6.510121683384243
465694,6.510121683384243
465773,6.510121683384243
465884,6.510121683384243
467083,6.510121683384243
467243,6.510121683384243
467461,6.510121683384243
467616,6.510121683384243
467641,6.510121683384243
467713,6.510121683384243
467784,6.510121683384243
467803,6.510121683384243
467811,6.510121683384243
467919,6.510121683384243
467955,6.510121683384243
469072,6.510121683384243
469357,6.510121683384243
470045,6.510121683384243
470294,6.510121683384243
470599,6.510121683384243
470738,6.510121683384243
470874,6.510121683384243
471769,6.510121683384243
471839,6.510121683384243
471926,6.510121683384243
472331,6.510121683384243
472386,6.510121683384243
472554,6.510121683384243
472620,6.510121683384243
472673,6.510121683384243
474801,6.510121683384243
474906,6.510121683384243
475367,6.510121683384243
475555,6.510121683384243
475782,6.510121683384243
475933,5.939327038327853
476129,5.939327038327853
476418,5.939327038327853
477204,5.939327038327853
477207,5.939327038327853
478684,5.939327038327853
479477,5.939327038327853
479921,5.939327038327853
480441,5.939327038327853
481410,5.939327038327853
482776,5.939327038327853
482823,5.939327038327853
483362,5.939327038327853
484412,5.939327038327853
484761,5.939327038327853
484981,5.939327038327853
486676,5.939327038327853
487684,5.939327038327853
488197,5.939327038327853
488960,5.939327038327853
489820,5.939327038327853
490824,5.939327038327853
491151,5.939327038327853
494302,5.939327038327853
495562,6.092798431139243
500855,6.092798431139243
501737,6.092798431139243
505895,6.092798431139243
513948,6.092798431139243
518519,6.092798431139243
